mid,original_title,homepage,overview,popularity,production_countries,release_date,revenue,runtime,spoken_languages,vote_average,vote_count,genres_1,genres_2,genres_3,keywords_1,keywords_2,keywords_3
0,Avatar,http://www.avatarmovie.com/,"In the 22nd century, a paraplegic Marine is dispatched to the moon Pandora on a unique mission, but becomes torn between following orders and protecting an alien civilization.",150.437577,United States of America,2009-12-10,2787965087,162.0,English,7.2,11800,Action,Adventure,Fantasy,culture clash,future,space war
1,Pirates of the Caribbean: At World's End,http://disney.go.com/disneypictures/pirates/,"Captain Barbossa, long believed to be dead, has come back to life and is headed to the edge of the Earth with Will Turner and Elizabeth Swann. But nothing is quite as it seems.",139.082615,United States of America,2007-05-19,961000000,169.0,English,6.9,4500,Adventure,Fantasy,Action,ocean,drug abuse,exotic island
2,John Carter,http://movies.disney.com/john-carter,"John Carter is a war-weary, former military captain who's inexplicably transported to the mysterious and exotic planet of Barsoom (Mars) and reluctantly becomes embroiled in an epic conflict. It's a world on the brink of collapse, and Carter rediscovers his humanity when he realizes the survival of Barsoom and its people rests in his hands.",43.926995,United States of America,2012-03-07,284139100,132.0,English,6.1,2124,Action,Adventure,Science Fiction,based on novel,mars,medallion
4,Tangled,http://disney.go.com/disneypictures/tangled/,"When the kingdom's most wanted-and most charming-bandit Flynn Rider hides out in a mysterious tower, he's taken hostage by Rapunzel, a beautiful and feisty tower-bound teen with 70 feet of magical, golden hair. Flynn's curious captor, who's looking for her ticket out of the tower where she's been locked away for years, strikes a deal with the handsome thief and the unlikely duo sets off on an action-packed escapade, complete with a super-cop horse, an over-protective chameleon and a gruff gang of pub thugs.",48.681969,United States of America,2010-11-24,591794936,100.0,English,7.4,3330,Animation,Family,,hostage,magic,horse
7,Pirates of the Caribbean: Dead Man's Chest,http://disney.go.com/disneypictures/pirates/,"Captain Jack Sparrow works his way out of a blood debt with the ghostly Davey Jones, he also attempts to avoid eternal damnation.",145.847379,Jamaica,2006-06-20,1065659812,151.0,English,7.0,5246,Adventure,Fantasy,Action,witch,fortune teller,bondage
8,The Chronicles of Narnia: Prince Caspian,,"One year after their incredible adventures in the Lion, the Witch and the Wardrobe, Peter, Edmund, Lucy and Susan Pevensie return to Narnia to aid a young prince whose life has been threatened by the evil King Miraz. Now, with the help of a colorful cast of new characters, including Trufflehunter the badger and Nikabrik the dwarf, the Pevensie clan embarks on an incredible quest to ensure that Narnia is returned to its rightful heir.",53.978602,Czech Republic,2008-05-15,419651413,150.0,English,6.3,1630,Adventure,Family,Fantasy,based on novel,fictional place,brother sister relationship
9,Pirates of the Caribbean: On Stranger Tides,http://disney.go.com/pirates/index-on-stranger-tides.html#/video/,"Captain Jack Sparrow crosses paths with a woman from his past, and he's not sure if it's love -- or if she's a ruthless con artist who's using him to find the fabled Fountain of Youth. When she forces him aboard the Queen Anne's Revenge, the ship of the formidable pirate Blackbeard, Jack finds himself on an unexpected adventure in which he doesn't know who to fear more: Blackbeard or the woman from his past.",135.413856,United States of America,2011-05-14,1045713802,136.0,English,6.4,4948,Adventure,Action,Fantasy,sea,captain,mutiny
10,Robin Hood,http://www.robinhoodthemovie.com/,"When soldier Robin happens upon the dying Robert of Loxley, he promises to return the man's sword to his family in Nottingham. There, he assumes Robert's identity; romances his widow, Marion; and draws the ire of the town's sheriff and King John's henchman, Godfrey.",37.668301,United Kingdom,2010-05-12,310669540,140.0,English,6.2,1398,Action,Adventure,,robin hood,archer,knight
13,Alice in Wonderland,http://disney.go.com/wonderland/,"Alice, an unpretentious and individual 19-year-old, is betrothed to a dunce of an English nobleman. At her engagement party, she escapes the crowd to consider whether to go through with the marriage and falls down a hole in the garden after spotting an unusual rabbit. Arriving in a strange and surreal place called 'Underland,' she finds herself in a world that resembles the nightmares she had as a child, filled with talking animals, villainous queens and knights, and frumious bandersnatches. Alice realizes that she is there for a reason – to conquer the horrific Jabberwocky and restore the rightful queen to her throne.",78.530105,United States of America,2010-03-03,1025491110,108.0,English,6.4,4645,Family,Fantasy,Adventure,based on novel,fictional place,queen
14,X-Men: The Last Stand,,"When a cure is found to treat mutations, lines are drawn amongst the X-Men and The Brotherhood, a band of powerful mutants organized under Xavier's former ally, Magneto.",3.857526,Canada,2006-05-24,459359555,104.0,English,6.3,3525,Adventure,Action,Science Fiction,mutant,marvel comic,based on comic book
15,Monsters University,,A look at the relationship between Mike and Sulley during their days at Monsters University — when they weren't necessarily the best of friends.,89.186492,United States of America,2013-06-20,743559607,104.0,English,7.0,3528,Animation,Family,,monster,dormitory,games
16,Cars 2,http://www.disney.go.com/cars/,Star race car Lightning McQueen and his pal Mater head overseas to compete in the World Grand Prix race. But the road to the championship becomes rocky as Mater gets caught up in an intriguing adventure of his own: international espionage.,49.98659,United States of America,2011-06-11,559852396,106.0,English,5.8,2033,Animation,Family,Adventure,car race,sequel,comedy
18,Toy Story 3,http://disney.go.com/toystory/,"Woody, Buzz, and the rest of Andy's toys haven't been played with in years. With Andy about to go to college, the gang find themselves accidentally left at a nefarious day care center. The toys must band together to escape and return home to Andy.",59.995418,United States of America,2010-06-16,1066969703,103.0,English,7.6,4597,Animation,Family,Comedy,hostage,college,toy
20,X-Men: Days of Future Past,http://www.x-menmovies.com/,The ultimate X-Men ensemble fights a war for the survival of the species across two time periods as they join forces with their younger selves in an epic battle that must change the past – to save our future.,118.078691,United Kingdom,2014-05-15,747862775,131.0,English,7.5,6032,Action,Adventure,Fantasy,1970s,mutant,time travel
21,Prince of Persia: The Sands of Time,http://disney.go.com/disneypictures/princeofpersia,"A rogue prince reluctantly joins forces with a mysterious princess and together, they race against dark forces to safeguard an ancient dagger capable of releasing the Sands of Time – gift from the gods that can reverse time and allow its possessor to rule the world.",62.169881,United States of America,2010-05-19,335154643,116.0,English,6.2,2317,Adventure,Fantasy,Action,persia,sandstorm,brother against brother
23,The Good Dinosaur,http://movies.disney.com/the-good-dinosaur,An epic journey into the world of dinosaurs where an Apatosaurus named Arlo makes an unlikely human friend.,51.692953,United States of America,2015-11-14,331926147,93.0,English,6.6,1736,Adventure,Animation,Family,tyrannosaurus rex,friends,alternate history
24,Brave,http://disney.go.com/brave/#/home,"Brave is set in the mystical Scottish Highlands, where Mérida is the princess of a kingdom ruled by King Fergus and Queen Elinor. An unruly daughter and an accomplished archer, Mérida one day defies a sacred custom of the land and inadvertently brings turmoil to the kingdom. In an attempt to set things right, Mérida seeks out an eccentric old Wise Woman and is granted an ill-fated wish. Also figuring into Mérida’s quest — and serving as comic relief — are the kingdom’s three lords: the enormous Lord MacGuffin, the surly Lord Macintosh, and the disagreeable Lord Dingwall.",125.114374,United States of America,2012-06-21,538983207,93.0,English,6.7,4641,Animation,Adventure,Comedy,scotland,rebel,bravery
28,"The Chronicles of Narnia: The Lion, the Witch and the Wardrobe",,"Siblings Lucy, Edmund, Susan and Peter step through a magical wardrobe and find the land of Narnia. There, the they discover a charming, once peaceful kingdom that has been plunged into eternal winter by the evil White Witch, Jadis. Aided by the wise and magnificent lion, Aslan, the children lead Narnia into a spectacular, climactic battle to be free of the Witch's glacial powers forever.",67.391328,United Kingdom,2005-12-07,748806957,143.0,English,6.7,2629,Adventure,Family,Fantasy,saving the world,witch,based on novel
29,X-Men: Apocalypse,http://www.foxmovies.com/movies/x-men-apocalypse,"After the re-emergence of the world's first mutant, world-destroyer Apocalypse, the X-Men must unite to defeat his extinction level plan.",139.272042,United States of America,2016-05-18,543934787,144.0,English,6.4,4721,Science Fiction,,,mutant,supernatural powers,marvel comic
30,Up,http://disney.go.com/disneypictures/up/,"Carl Fredricksen spent his entire life dreaming of exploring the globe and experiencing life to its fullest. But at age 78, life seems to have passed him by, until a twist of fate (and a persistent 8-year old Wilderness Explorer named Russell) gives him a new lease on life.",92.201962,United States of America,2009-05-13,735099082,96.0,English,7.7,6870,Animation,Comedy,Family,age difference,central and south america,balloon
34,Inside Out,http://movies.disney.com/inside-out,"Growing up can be a bumpy road, and it's no exception for Riley, who is uprooted from her Midwest life when her father starts a new job in San Francisco. Like all of us, Riley is guided by her emotions - Joy, Fear, Anger, Disgust and Sadness. The emotions live in Headquarters, the control center inside Riley's mind, where they help advise her through everyday life. As Riley and her emotions struggle to adjust to a new life in San Francisco, turmoil ensues in Headquarters. Although Joy, Riley's main and most important emotion, tries to keep things positive, the emotions conflict on how best to navigate a new city, house and school.",128.655964,United States of America,2015-06-09,857611174,94.0,English,8.0,6560,Drama,Comedy,Animation,dream,cartoon,imaginary friend
35,The Jungle Book,http://movies.disney.com/the-jungle-book-2016,"After a threat from the tiger Shere Khan forces him to flee the jungle, a man-cub named Mowgli embarks on a journey of self discovery with the help of panther, Bagheera, and free spirited bear, Baloo.",94.199316,United Kingdom,2016-04-07,966550600,106.0,English,6.7,2892,Family,Adventure,Drama,based on novel,snake,wolf
36,Maleficent,http://movies.disney.com/maleficent,"The untold story of Disney's most iconic villain from the 1959 classic 'Sleeping Beauty'. A beautiful, pure-hearted young woman, Maleficent has an idyllic life growing up in a peaceable forest kingdom, until one day when an invading army threatens the harmony of the land.  Maleficent rises to be the land's fiercest protector, but she ultimately suffers a ruthless betrayal – an act that begins to turn her heart into stone. Bent on revenge, Maleficent faces an epic battle with the invading King's successor and, as a result, places a curse upon his newborn infant Aurora. As the child grows, Maleficent realizes that Aurora holds the key to peace in the kingdom - and to Maleficent's true happiness as well.",110.620647,United States of America,2014-05-28,758539785,97.0,English,7.0,4496,Fantasy,Adventure,Action,fairy tale,villain,sleeping beauty
38,Tomorrowland,http://movies.disney.com/tomorrowland,"Bound by a shared destiny, a bright, optimistic teen bursting with scientific curiosity and a former boy-genius inventor jaded by disillusionment embark on a danger-filled mission to unearth the secrets of an enigmatic place somewhere in time and space that exists in their collective memory as ""Tomorrowland.""",130.311355,United States of America,2015-05-19,209154322,130.0,English,6.2,2846,Adventure,Family,Mystery,inventor,apocalypse,destiny
39,Big Hero 6,http://movies.disney.com/big-hero-6,"The special bond that develops between plus-sized inflatable robot Baymax, and prodigy Hiro Hamada, who team up with a group of friends to form a band of high-tech heroes.",203.73459,United States of America,2014-10-24,652105443,102.0,English,7.8,6135,Adventure,Family,Animation,brother brother relationship,hero,talent
40,Wreck-It Ralph,http://disney.go.com/wreck-it-ralph,"Wreck-It Ralph is the 9-foot-tall, 643-pound villain of an arcade video game named Fix-It Felix Jr., in which the game's titular hero fixes buildings that Ralph destroys. Wanting to prove he can be a good guy and not just a villain, Ralph escapes his game and lands in Hero's Duty, a first-person shooter where he helps the game's hero battle against alien invaders. He later enters Sugar Rush, a kart racing game set on tracks made of candies, cookies and other sweets. There, Ralph meets Vanellope von Schweetz who has learned that her game is faced with a dire threat that could affect the entire arcade, and one that Ralph may have inadvertently started.",62.341073,United States of America,2012-11-01,471222889,108.0,English,7.1,4570,Family,Animation,Comedy,support group,product placement,bullying
44,X-Men: First Class,http://www.x-menfirstclassmovie.com/,"Before Charles Xavier and Erik Lensherr took the names Professor X and Magneto, they were two young men discovering their powers for the first time. Before they were arch-enemies, they were closest of friends, working together with other mutants (some familiar, some new), to stop the greatest threat the world has ever known.",3.195174,United States of America,2011-05-24,353624124,132.0,Deutsch,7.1,5181,Action,Science Fiction,Adventure,cia,mutant,mine
45,The Sorcerer's Apprentice,http://disney.go.com/disneypictures/sorcerersapprentice/,"Balthazar Blake is a master sorcerer in modern-day Manhattan trying to defend the city from his arch-nemesis, Maxim Horvath. Balthazar can't do it alone, so he recruits Dave Stutler, a seemingly average guy who demonstrates hidden potential, as his reluctant protégé. The sorcerer gives his unwilling accomplice a crash course in the art and science of magic, and together, these unlikely partners work to stop the forces of darkness.",35.580815,United States of America,2010-07-13,215283742,109.0,English,5.8,1470,Fantasy,Adventure,Action,witch,fire,wolf
47,Alice Through the Looking Glass,http://movies.disney.com/alice-through-the-looking-glass,"In the sequel to Tim Burton's ""Alice in Wonderland"", Alice Kingsleigh returns to Underland and faces a new adventure in saving the Mad Hatter.",56.268916,United Kingdom,2016-05-25,299370084,113.0,English,6.5,1725,Fantasy,,,based on novel,clock,queen
49,Ratatouille,http://disney.go.com/disneypictures/ratatouille/,"A rat named Remy dreams of becoming a great French chef despite his family's wishes and the obvious problem of being a rat in a decidedly rodent-phobic profession. When fate places Remy in the sewers of Paris, he finds himself ideally situated beneath a restaurant made famous by his culinary hero, Auguste Gusteau. Despite the apparent dangers of being an unlikely - and certainly unwanted - visitor in the kitchen of a fine French restaurant, Remy's passion for cooking soon sets into motion a hilarious and exciting rat race that turns the culinary world of Paris upside down.",65.677399,United States of America,2007-06-22,623722818,111.0,English,7.5,4369,Animation,Comedy,Family,paris,brother brother relationship,expensive restaurant
51,Night at the Museum: Battle of the Smithsonian,http://www.nightatthemuseummovie.com,"Hapless museum night watchman Larry Daley must help his living, breathing exhibit friends out of a pickle now that they've been transferred to the archives at the Smithsonian Institution. Larry's (mis)adventures this time include close encounters with Amelia Earhart, Abe Lincoln and Ivan the Terrible.",81.781591,United States of America,2009-05-20,413106170,105.0,English,5.9,1971,Adventure,Fantasy,Action,museum,theodore roosevelt,duringcreditsstinger
52,X-Men Origins: Wolverine,http://www.x-menorigins.com/,"After seeking to live a normal life, Logan sets out to avenge the death of his girlfriend by undergoing the mutant Weapon X program and becoming Wolverine.",5.954334,United States of America,2009-04-28,373062864,107.0,English,6.2,4021,Adventure,Action,Thriller,corruption,mutant,boxer
54,Frozen,http://movies.disney.com/frozen,"Young princess Anna of Arendelle dreams about finding true love at her sister Elsa’s coronation. Fate takes her on a dangerous journey in an attempt to end the eternal winter that has fallen over the kingdom. She's accompanied by ice delivery man Kristoff, his reindeer Sven, and snowman Olaf. On an adventure where she will find out what friendship, courage, family, and true love really means.",165.125366,United States of America,2013-11-27,1274219009,102.0,English,7.3,5295,Animation,Adventure,Family,queen,musical,princess
57,Bolt,http://movies.disney.com/bolt,"Bolt is the star of the biggest show in Hollywood. The only problem is, he thinks it's real. After he's accidentally shipped to New York City and separated from Penny, his beloved co-star and owner, Bolt must harness all his ""super powers"" to find a way home.",41.845878,United States of America,2008-11-21,309979994,98.0,English,6.3,1750,Animation,Family,Adventure,hamster,kids and family,animal
58,G-Force,http://disney.go.com/disneypictures/gforce/,"A team of trained secret agent animals, guinea pigs Darwin, Juarez, Blaster, mole Speckles, and fly Mooch takes on a mission for the US government to stop evil Leonard Saber, who plans to destroy the world with household appliances. But the government shuts them down and they are sentenced to a pet shop. Can they escape to defeat the villain and save the world?",26.710398,United States of America,2009-07-21,292817841,88.0,English,5.1,510,Fantasy,Action,Adventure,dyr,duringcreditsstinger,
62,Mars Needs Moms,http://disney.go.com/disneypictures/marsneedsmoms/#home,"When Martians suddenly abduct his mom, mischievous Milo rushes to the rescue and discovers why all moms are so special.",12.362599,United States of America,2011-03-09,38992758,88.0,English,5.5,199,Adventure,Animation,Family,boy,alien,rescue
88,Dinosaur,,An orphaned dinosaur raised by lemurs joins an arduous trek to a sancturary after a meteorite shower destroys his family home.,26.548594,United States of America,2000-05-19,354248063,82.0,English,6.2,542,Animation,Family,,cataclysm,asteroid,leader
89,Pirates of the Caribbean: The Curse of the Black Pearl,http://disney.go.com/disneyvideos/liveaction/pirates/main_site/main.html,"Jack Sparrow, a freewheeling 17th-century pirate who roams the Caribbean Sea, butts heads with a rival pirate bent on pillaging the village of Port Royal. When the governor's daughter is kidnapped, Sparrow decides to help the girl's love save her. But their seafaring mission is hardly simple.",271.972889,United States of America,2003-07-09,655011224,143.0,English,7.5,6985,Adventure,Fantasy,Action,exotic island,blacksmith,east india trading company
91,X2,,"Professor Charles Xavier and his team of genetically gifted superheroes face a rising tide of anti-mutant sentiment led by Col. William Stryker. Storm, Wolverine and Jean Grey must join their usual nemeses –  Magneto and Mystique – to unhinge Stryker's scheme to exterminate all mutants.",2.871739,United States of America,2003-04-24,407711549,133.0,English,6.8,3506,Adventure,Action,Science Fiction,mutant,marvel comic,superhero
101,"Monsters, Inc.",http://movies.disney.com/monsters-inc,"James Sullivan and Mike Wazowski are monsters, they earn their living scaring children and are the best in the business... even though they're more afraid of the children than they are of them. When a child accidentally enters their world, James and Mike suddenly find that kids are not to be afraid of and they uncover a conspiracy that could threaten all children across the world.",106.815545,United States of America,2001-11-01,562816256,92.0,English,7.5,5996,Animation,Comedy,Family,monster,infant,energy supply
105,Fantastic Four,http://www.fantasticfourmovie.com/,"Four young outsiders teleport to a dangerous universe, which alters their physical form in shocking ways. Their lives irrevocably upended, the team must learn to harness their daunting new abilities and work together to save Earth from a former friend turned enemy.",38.126095,United States of America,2015-08-05,167977596,100.0,English,4.4,2278,Action,Adventure,Science Fiction,teleportation,transformation,telekinesis
106,Night at the Museum,,"Chaos reigns at the natural history museum when night watchman Larry Daley accidentally stirs up an ancient curse, awakening Attila the Hun, an army of gladiators, a Tyrannosaurus rex and other exhibits. Larry tries desperately to keep the museum under control, but he's fighting a losing battle until President Teddy Roosevelt comes to the rescue.",48.780039,United States of America,2006-10-20,574480841,108.0,English,6.3,2862,Action,Adventure,Comedy,museum,skeleton,night shift
112,Home on the Range,http://movies.disney.com/home-on-the-range,"When a greedy outlaw schemes to take possession of the ""Patch Of Heaven"" dairy farm, three determined cows, a karate-kicking stallion and a colorful corral of critters join forces to save their home. The stakes are sky-high as this unlikely animal alliance risk their hides and match wits with a mysterious band of bad guys.",19.625972,United States of America,2004-04-02,103951461,76.0,普通话,5.7,389,Animation,Family,,farm,cow,animal
115,Around the World in 80 Days,,"A bet pits a British inventor, a Chinese thief and a French artist on a worldwide adventure that they can circle the globe in 80 days.",22.643776,Germany,2004-06-16,72178895,120.0,Deutsch,5.7,672,Action,Adventure,Comedy,paris,london england,new york
118,The Princess and the Frog,http://disney.go.com/disneypictures/princessandthefrog/,"A waitress, desperate to fulfill her dreams as a restaurant owner, is set on a journey to turn a frog prince back into a human being, but she has to do face the same problem after she kisses him.",62.479574,United States of America,2009-12-08,267045765,97.0,Français,6.7,1247,Romance,Family,Animation,based on novel,voodoo,kiss
124,The Hunchback of Notre Dame,,"When Quasi defies the evil Frollo and ventures out to the Festival of Fools, the cruel crowd jeers him. Rescued by fellow outcast the gypsy Esmeralda, Quasi soon finds himself battling to save the people and the city he loves.",46.727941,United States of America,1996-06-21,100138851,91.0,Latin,6.8,1129,Drama,Animation,Family,paris,based on novel,judge
125,The Emperor's New Groove,,"Kuzco is a self-centered emperor who summons Pacha from a village and to tell him that his home will be destroyed to make room for Kuzco's new summer home. Kuzco's advisor, Yzma, tries to poison Kuzco and accidentally turns him into a llama, who accidentally ends up in Pacha's village. Pacha offers to help Kuzco if he doesn't destroy his house, and so they form an unlikely partnership.",51.113717,United States of America,2000-12-09,169327687,78.0,English,7.2,1490,Adventure,Animation,Comedy,central and south america,birthday,emperor
127,National Treasure,,"Modern treasure hunters, led by archaeologist Ben Gates, search for a chest of riches rumored to have been stashed away by George Washington, Thomas Jefferson and Benjamin Franklin during the Revolutionary War. The chest's whereabouts may lie in secret clues embedded in the Constitution and the Declaration of Independence, and Gates is in a race to find the gold before his enemies do.",58.849256,United States of America,2004-11-19,347451894,131.0,Latin,6.4,1926,Adventure,Action,Thriller,riddle,treasure,treasure hunt
128,Eragon,http://www.eragonmovie.com/,"In his homeland of Alagaesia, a farm boy happens upon a dragon's egg -- a discovery that leads him on a predestined journey where he realized he's the one person who can defend his home against an evil king.",30.863434,United Kingdom,2006-12-14,249288105,104.0,English,4.9,967,Fantasy,Action,Adventure,based on novel,mythical creature,dragon
132,Hercules,,"Fourteen hundred years ago, a tormented soul walked the earth that was neither man nor god. Hercules was the powerful son of the god king Zeus, for this he received nothing but suffering his entire life. After twelve arduous labors and the loss of his family, this dark, world-weary soul turned his back on the gods finding his only solace in bloody battle. Over the years he warmed to the company of six similar souls, their only bond being their love of fighting and presence of death. These men and woman never question where they go to fight or why or whom, just how much they will be paid. Now the King of Thrace has hired these mercenaries to train his men to become the greatest army of all time. It is time for this bunch of lost souls to finally have their eyes opened to how far they have fallen when they must train an army to become as ruthless and blood thirsty as their reputation has become.",76.842247,United States of America,2014-07-23,243400000,99.0,English,5.6,1680,Action,Adventure,,mercenary,battle,ancient greece
133,Treasure Planet,,"When space galleon cabin boy Jim Hawkins discovers a map to an intergalactic ""loot of a thousand worlds,"" a cyborg cook named John Silver teaches him to battle supernovas and space storms. But, soon, Jim realizes Silver is a pirate intent on mutiny!",38.924136,United States of America,2002-11-26,109578115,95.0,English,7.2,948,Adventure,Animation,Family,cyborg,based on novel,space marine
136,The Peanuts Movie,http://www.peanutsmovie.com/,"Snoopy embarks upon his greatest mission as he and his team take to the skies to pursue their arch-nemesis, while his best pal Charlie Brown begins his own epic quest back home.",34.308098,United States of America,2015-11-05,246233113,88.0,English,6.5,604,Animation,,,based on comic strip,family,3d
142,Cinderella,http://movies.disney.com/cinderella,"When her father unexpectedly passes away, young Ella finds herself at the mercy of her cruel stepmother and her daughters. Never one to give up hope, Ella's fortunes begin to change after meeting a dashing stranger in the woods.",101.187052,United Kingdom,2015-03-12,543514353,105.0,English,6.7,2374,Romance,Fantasy,Family,cinderella,magic,prince
144,Finding Nemo,http://movies.disney.com/finding-nemo,"Nemo, an adventurous young clownfish, is unexpectedly taken from his Great Barrier Reef home to a dentist's office aquarium. It's up to his worrisome father Marlin and a friendly but forgetful fish Dory to bring Nemo home -- meeting vegetarian sharks, surfer dude turtles, hypnotic jellyfish, hungry seagulls, and more along the way.",85.688789,United States of America,2003-05-30,940335536,100.0,English,7.6,6122,Animation,Family,,father son relationship,harbor,underwater
151,The Incredibles,http://disney.go.com/disneyvideos/animatedfilms/incredibles/main.html,"Bob Parr has given up his superhero days to log in time as an insurance adjuster and raise his three children with his formerly heroic wife in suburbia. But when he receives a mysterious assignment, it's time to get back into costume.",77.817571,United States of America,2004-11-05,631442092,115.0,Français,7.4,5152,Action,Adventure,Animation,secret identity,secret,hero
153,Toy Story 2,http://toystory.disney.com/toy-story-2,"Andy heads off to Cowboy Camp, leaving his toys to their own devices. Things shift into high gear when an obsessive toy collector named Al McWhiggen, owner of Al's Toy Barn kidnaps Woody. Andy's toys mount a daring rescue mission, Buzz Lightyear meets his match and Woody has to decide where he and his heart truly belong.",73.575118,United States of America,1999-10-30,497366869,92.0,English,7.3,3806,Animation,Comedy,Family,museum,prosecution,identity crisis
159,Mulan,,"A tomboyish girl disguises herself as a young man so she can fight with the Imperial Chinese Army against the invading Huns. With help from wise-cracking dragon Mushu, Mulan just might save her country -- and win the heart of handsome Captain Li Shang.",67.427755,United States of America,1998-06-18,304320254,88.0,English,7.6,2008,Animation,Family,Adventure,homeland,musical,training
163,Atlantis: The Lost Empire,http://www.disney.com/atlantis,"The world's most highly qualified crew of archaeologists and explorers is led by historian Milo Thatch as they board the incredible 1,000-foot submarine Ulysses and head deep into the mysteries of the sea.",51.548589,United States of America,2001-06-02,186053725,95.0,English,6.7,1224,Animation,Family,Adventure,sea,atlantis,animation
164,Alvin and the Chipmunks: The Road Chip,http://www.foxmovies.com/movies/alvin-and-the-chipmunks-the-road-chip,"Through a series of misunderstandings, Alvin, Simon and Theodore come to believe that Dave is going to propose to his new girlfriend in New York City - and dump them. They have three days to get to him and stop the proposal.",27.867368,United States of America,2015-12-17,233755553,92.0,English,5.8,428,Adventure,Animation,Comedy,chipmunk,cgi,talking animal
166,The Haunted Mansion,,"Workaholic Jim Evers and his wife/business partner, Sara get a call one night from mansion owner, Edward Gracey wants to sell his house. Once the Evers family arrive at the mansion a butler takes them to dine with Gracey. Gracey takes one look at Sara and he thinks she's his lost lover.",16.302378,United States of America,2003-11-25,182290266,99.0,English,5.2,466,Thriller,Fantasy,Comedy,secret passage,magic,estate agent
171,Rio,http://www.riomovies.com/,"Captured by smugglers when he was just a hatchling, a macaw named Blu never learned to fly and lives a happily domesticated life in Minnesota with his human friend, Linda. Blu is thought to be the last of his kind, but when word comes that Jewel, a lone female, lives in Rio de Janeiro, Blu and Linda go to meet her. Animal smugglers kidnap Blu and Jewel, but the pair soon escape and begin a perilous adventure back to freedom -- and Linda.",46.200042,United States of America,2011-04-03,484635760,96.0,English,6.5,2166,Animation,Adventure,Comedy,brazil,pet,bird
178,The Three Musketeers,http://www.threemusketeers-movie.com/,The hot-headed young D'Artagnan along with three former legendary but now down on their luck Musketeers must unite and defeat a beautiful double agent and her villainous employer from seizing the French throne and engulfing Europe in war.,36.605246,United States of America,2011-08-31,132274484,110.0,English,5.6,924,Adventure,Action,Thriller,number in title,historical fiction,musketeer
180,Enchanted,http://disney.go.com/disneypictures/enchanted/,"The beautiful princess Giselle is banished by an evil queen from her magical, musical animated land and finds herself in the gritty reality of the streets of modern-day Manhattan. Shocked by this strange new environment that doesn't operate on a ""happily ever after"" basis, Giselle is now adrift in a chaotic world badly in need of enchantment. But when Giselle begins to fall in love with a charmingly flawed divorce lawyer who has come to her aid - even though she is already promised to a perfect fairy tale prince back home - she has to wonder: Can a storybook view of romance survive in the real world?",29.21998,United States of America,2007-11-20,340487652,107.0,English,6.6,1449,Comedy,Family,Fantasy,poison,queen,fairy tale
182,102 Dalmatians,,"Get ready for a howling good time as an all new assortment of irresistible animal heroes are unleashed in this great family tail! In an unlikely alliance, the outrageous Waddlesworth... a parrot who thinks he's a Rottweiler... teams up with Oddball... an un-marked Dalmation puppy eager to earn her spots! Together they embark on a laugh-packed quest to outwit the ever-scheming Cruella De Vil",9.895061,United States of America,2000-10-07,183611771,100.0,English,5.1,313,Comedy,Family,,london england,prison,release from prison
196,Lilo & Stitch,,"A lonely Hawaiian girl named Lilo is being raised by her older sister, Nani, after their parents die -- under the watch of social worker Cobra Bubbles. When Lilo adopts a funny-looking dog and names him ""Stitch,"" she doesn't realize her new best friend is a wacky alien created by mad scientist Dr. Jumba.",55.659988,United States of America,2002-06-21,145771527,85.0,English,7.1,1314,Animation,Family,,sister sister relationship,extraterrestrial technology,hawaii
199,Alvin and the Chipmunks: Chipwrecked,http://www.munkyourself.com/,"Playing around while aboard a cruise ship, the Chipmunks and Chipettes accidentally go overboard and end up marooned in a tropical paradise. They discover their new turf is not as deserted as it seems.",23.473004,United States of America,2011-12-14,342695435,87.0,English,5.4,484,Comedy,Fantasy,Family,sequel,chipmunk,cruise ship
204,Bedtime Stories,,Skeeter Bronson is a down-on-his-luck guy who's always telling bedtime stories to his niece and nephew. But his life is turned upside down when the fantastical stories he makes up for entertainment inexplicably turn into reality. Can a bewildered Skeeter manage his own unruly fantasies now that the outrageous characters and situations from his mind have morphed into actual people and events?,23.531721,United States of America,2008-12-24,212874442,99.0,English,5.9,901,Fantasy,Comedy,Family,wishes come true,escapade,disorder
209,Flubber,,"Professor Phillip Brainard, an absent minded professor, works with his assistant Weebo, trying to create a substance that's a new source of energy and that will save Medfield College where his sweetheart Sara is the president. He has missed his wedding twice, and on the afternoon of his third wedding, Professor Brainard creates flubber, which allows objects to fly through the air.",11.50396,United States of America,1997-11-26,177977226,93.0,English,5.3,695,Comedy,Family,Science Fiction,wedding vows,inventor,slime
213,Fantasia 2000,http://movies.disney.com/fantasia-2000,"Blending lively music and brilliant animation, this sequel to the original 'Fantasia' restores 'The Sorcerer's Apprentice' and adds seven new shorts.",14.530946,United States of America,1999-12-17,90874570,74.0,English,7.0,292,Animation,Family,Music,orchestra,musical segments,
215,Mighty Joe Young,,"As a child living in Africa, Jill Young saw her mother killed while protecting wild gorillas from poachers led by Andrei Strasser. Now an adult, Jill cares for an orphaned gorilla named Joe -- who, due to a genetic anomaly, is 15 feet tall. When Gregg O'Hara arrives from California and sees the animal, he convinces Jill that Joe would be safest at his wildlife refuge. But Strasser follows them to the U.S., intent on capturing Joe for himself.",6.643778,United States of America,1998-12-25,0,114.0,Kiswahili,5.9,208,Action,Adventure,Family,gorilla,dying and death,
224,The Lion King,http://movies.disney.com/the-lion-king,A young lion cub named Simba can't wait to be king. But his uncle craves the title for himself and will stop at nothing to get it.,90.457886,United States of America,1994-06-23,788241776,89.0,English,8.0,5376,Family,Animation,Drama,loss of parents,wild boar,uncle
228,X-Men,,"Two mutants, Rogue and Wolverine, come to a private academy for their kind whose resident superhero team, the X-Men, must oppose a terrorist organization with similar powers.",4.66891,United States of America,2000-07-13,296339527,104.0,English,6.8,4097,Adventure,Action,Science Fiction,mutant,marvel comic,superhero
230,Ice Age: The Meltdown,http://www.iceagemovies.com/films/ice-age-the-meltdown,"Diego, Manny and Sid return in this sequel to the hit animated movie Ice Age. This time around, the deep freeze is over, and the ice-covered earth is starting to melt, which will destroy the trio's cherished valley. The impending disaster prompts them to reunite and warn all the other beasts about the desperate situation.",85.115058,United States of America,2006-03-23,660940780,91.0,English,6.5,2951,Animation,Family,Comedy,mammoth,sloth,ice age
234,Inspector Gadget,,"John Brown is a bumbling but well-intentioned security guard who is badly injured in an explosion planned by an evil mastermind. He is taken to a laboratory, where Brenda, a leading robotics surgeon, replaces his damaged limbs with state-of-the-art gadgets and tools. Named ""Inspector Gadget"" by the press, John -- along with his niece, Penny, and her trusty dog, Brain -- uses his new powers to discover who was behind the explosion.",17.561955,United States of America,1999-07-23,0,78.0,English,4.3,318,Action,Adventure,Comedy,gadget,,
250,Cars,http://disney.go.com/disneyvideos/animatedfilms/cars/,"Lightning McQueen, a hotshot rookie race car driven to succeed, discovers that life is about the journey, not the finish line, when he finds himself unexpectedly detoured in the sleepy Route 66 town of Radiator Springs. On route across the country to the big Piston Cup Championship in California to compete against two seasoned pros, McQueen gets to know the town's offbeat characters.",82.643036,United States of America,2006-06-08,461983149,117.0,English,6.6,3877,Animation,Adventure,Comedy,car race,car journey,village and town
270,The Finest Hours,https://www.facebook.com/thefinesthoursmovie,The Coast Guard makes a daring rescue attempt off the coast of Cape Cod after a pair of oil tankers are destroyed during a blizzard in 1952.,28.223664,United States of America,2016-01-25,52099090,114.0,English,6.3,588,Action,Drama,History,coast guard,based on true story,survival
276,The Santa Clause 2,,"Better watch out! The big guy in red is coming to town once again. This time, Scott Calvin -- also known as Santa Claus -- finds out there's an obscure clause in his contract requiring him to take on a wife. He has to leave the North Pole to fulfill his obligations, or else he'll be forced to give up his Yuletide gig.",14.646884,United States of America,2002-10-31,172855065,104.0,English,5.5,297,Fantasy,Comedy,Family,holiday,christmas party,home
288,Annie,,"Ever since her parents left her as a baby, little Annie has led a hard-knock life with her calculating foster mother, Miss Hannigan. However, all that changes when hard-nosed billionaire and mayoral candidate Will Stacks takes her in on the recommendation of his advisers. Stacks believes that he's Annie's guardian angel, but the plucky youngster's confidence and sunny outlook may mean that Annie will save Will instead.",33.439187,United States of America,2014-12-19,133821816,119.0,English,6.0,466,Comedy,Drama,Family,musical,orphan,foster child
303,Chicken Little,http://movies.disney.com/chicken-little,"When the sky really is falling and sanity has flown the coop, who will rise to save the day? Together with his hysterical band of misfit friends, Chicken Little must hatch a plan to save the planet from alien invasion and prove that the world's biggest hero is a little chicken.",47.973995,United States of America,2005-11-04,314432665,81.0,English,5.6,944,Animation,Family,Comedy,fish,small town,space marine
307,Cheaper by the Dozen 2,,"Steve Martin and Bonnie Hunt return as heads of the Baker family who, while on vacation, find themselves in competition with a rival family of eight children, headed by Eugene Levy,",18.831023,United States of America,2005-12-21,129181830,94.0,English,5.7,526,Comedy,,,holiday,lake,big family
312,The Shaggy Dog,http://movies.disney.com/the-shaggy-dog-2006,The tale of a workaholic dad-turned-dog who finds that being man's best friend shows him the most important job - being a great dad.,4.280619,United States of America,2006-03-09,61112916,98.0,English,4.5,137,Comedy,Family,,father son relationship,parents kids relationship,workaholic
323,My Favorite Martian,,"News producer, Tim O'Hara gets himself fired for unwillingly compromising his bosses' daughter during a live transmission. A little later, he witnesses the crashing of a small Martian spacecraft, realizing his one-time chance of delivering a story that will rock the earth. Since Tim took the original but scaled-down spaceship with him, the Martian follows him to retrieve it.",6.80692,United States of America,1999-02-11,36850101,94.0,English,5.1,80,Comedy,Drama,Family,alien,martian,based on tv series
330,Garfield: A Tail of Two Kitties,,"Garfield is back and this time Garfield and his canine sidekick Odie follows their owner, Jon Arbuckle, to England, the U.K. may never recover, as Garfield is mistaken for a look-alike, regal cat who has inherited a castle.",16.930969,United Kingdom,2006-06-15,141702264,78.0,English,5.1,464,Animation,Comedy,Family,london england,cat,mistake in person
341,Red Tails,http://www.redtails2012.com/,"The story of the Tuskegee Airmen, the first African-American pilots to fly in a combat squadron during World War II.",12.29603,United States of America,2012-01-19,50365377,125.0,English,5.9,178,Drama,Action,Adventure,world war ii,fighter pilot,fighter plane
342,The Pacifier,http://movies.disney.com/the-pacifier,Disgraced Navy SEAL Shane Wolfe is handed a new assignment: Protect the five Plummer kids from enemies of their recently deceased father -- a government scientist whose top-secret experiment remains hidden in the kids' house.,35.4763,Canada,2005-03-04,113006880,95.0,English,5.8,842,Action,Comedy,Drama,bodybuilder,children,body guard
344,Alvin and the Chipmunks,http://www.chipmunks.com,"A struggling songwriter named Dave Seville finds success when he comes across a trio of singing chipmunks: mischievous leader Alvin, brainy Simon, and chubby, impressionable Theodore.",47.336034,United States of America,2007-12-13,361366633,92.0,English,5.5,1177,Comedy,Music,Family,pop,pop star,record producer
345,Pocahontas,,"History comes gloriously to life in Disney's epic animated tale about love and adventure in the New World. Pocahontas is a Native American woman whose father has arranged for her to marry her village's best warrior. But a vision tells her change is coming, and soon she comes face to face with it in the form of Capt. John Smith.",47.845589,United States of America,1995-06-14,346079773,81.0,English,6.7,1457,Adventure,Animation,Drama,culture clash,settler,forbidden love
348,George of the Jungle,,"Baby George got into a plane crash in a jungle, stayed alive and was adopted by a wise ape. Ursula Stanhope, US noble woman is saved from death on safari by grown-up George, and he takes her to jungle to live with him. He slowly learns a rules of human relationships, while Ursula's lover Lyle is looking for her and the one who took her. After they are found, Ursula takes George to the USA.",22.573237,United States of America,1997-07-15,0,92.0,English,5.4,496,Adventure,Comedy,Family,africa,san francisco,gorilla
361,Muppets Most Wanted,,"While on a grand world tour, The Muppets find themselves wrapped into an European jewel-heist caper headed by a Kermit the Frog look-alike and his dastardly sidekick.",14.808304,United States of America,2014-03-20,80383290,112.0,Deutsch,6.2,316,Comedy,Adventure,Crime,musical,the muppets,
365,Anastasia,,"This animated adventure retells the story of the lost daughter of Russia's last czar. The evil Rasputin places a curse on the Romanov family, and Anastasia and her grandmother, Empress Maria, get separated. After growing up in an orphanage, Anastasia encounters two Russian men seeking a reward offered by Empress Maria for the return of her granddaughter. The trio travels to Paris, where they find that the empress has grown skeptical of imposters.",45.565918,United States of America,1997-11-20,139804348,94.0,English,7.4,1432,Animation,Family,,tzar,musical,russian revolution
378,Into the Woods,http://movies.disney.com/into-the-woods/,"In a woods filled with magic and fairy tale characters, a baker and his wife set out to end the curse put on them by their neighbor, a spiteful witch.",65.90161,United States of America,2014-12-25,212902372,125.0,English,5.6,1652,Fantasy,Comedy,Music,witch,cinderella,prince
382,Garfield,,"Garfield, the fat, lazy, lasagna lover, has everything a cat could want. But when Jon, in an effort to impress the Liz - the vet and an old high-school crush - adopts a dog named Odie and brings him home, Garfield gets the one thing he doesn't want. Competition.",17.667826,United States of America,2004-06-10,200804534,80.0,English,5.2,820,Animation,Comedy,Family,competition,moderator,lasagne
384,Race to Witch Mountain,,"A taxi driver gets more than he bargained for when he picks up two teen runaways. Not only does the pair possess supernatural powers, but they're also trying desperately to escape people who have made them their targets.",23.935053,United States of America,2009-03-12,106303988,98.0,English,5.5,509,Adventure,Family,Fantasy,spacecraft,laser,teleportation
389,The Book of Life,http://www.bookoflifemovie.com/,"The journey of Manolo, a young man who is torn between fulfilling the expectations of his family and following his heart. Before choosing which path to follow, he embarks on an incredible adventure that spans three fantastical worlds where he must face his greatest fears.",34.890999,Mexico,2014-10-01,97437106,95.0,English,7.3,755,Romance,Animation,Adventure,love triangle,afterlife,day of the dead
403,Man of the House,,Texas Ranger Roland Sharp is assigned to protect the only witnesses to the murder of a key figure in the prosecution of a drug kingpin -- a group of University of Texas cheerleaders. Sharp must now go undercover as an assistant cheerleading coach and move in with the young women.,6.004422,United States of America,2005-02-25,0,100.0,English,5.4,120,Comedy,Action,,,,
405,Baby's Day Out,,"Baby Bink couldn't ask for more; he has adoring (if somewhat sickly-sweet) parents, he lives in a huge mansion, and he's just about to appear in the social pages of the paper. Unfortunately, not everyone in the world is as nice as Baby Bink's parents; especially the three enterprising kidnapers who pretend to be photographers from the newspaper. Successfully kidnaping Baby Bink, they have a harder time keeping hold of the rascal, who not only keeps one step ahead of them, but seems to be more than a little bit smarter than the three bumbling criminals.",21.312186,United States of America,1994-07-01,16671505,99.0,English,5.8,274,Action,Adventure,Comedy,baby,hoodlum,lost child
416,Journey to the Center of the Earth,,"On a quest to find out what happened to his missing brother, a scientist, his nephew and their mountain guide discover a fantastic and dangerous lost world in the center of the earth.",53.090422,United States of America,2008-07-10,101702060,93.0,English,5.8,1309,Action,Science Fiction,Adventure,volcano,prehistoric,dinosaur
417,The Princess Diaries 2: Royal Engagement,,"Mia Thermopolis is now a college graduate and on her way to Genovia to take up her duties as princess. Her best friend Lilly also joins her for the summer. Mia continues her 'princess lessons'- riding horses side-saddle, archery, and other royal. But her complicated life is turned upside down once again when she not only learns that she is to take the crown as queen earlier than expected...",30.002907,United States of America,2004-08-06,95149435,113.0,English,6.0,697,Comedy,Drama,Family,coronation,duty,marriage
424,The Muppets,http://disney.go.com/muppets/,"When Kermit the Frog and the Muppets learn that their beloved theater is slated for demolition, a sympathetic human, Gary, and his puppet roommate, Walter, swoop in to help the gang put on a show and raise the $10 million they need to save the day.",17.047276,United States of America,2011-11-22,165184237,103.0,English,6.5,501,Comedy,Family,Music,musical,the muppets,robot
427,A Bug's Life,http://movies.disney.com/a-bugs-life,"On behalf of ""oppressed bugs everywhere,"" an inventive ant named Flik hires a troupe of warrior bugs to defend his bustling colony from a horde of freeloading grasshoppers led by the evil-minded Hopper.",87.350802,United States of America,1998-11-25,363258859,95.0,English,6.8,2303,Adventure,Animation,Comedy,winter,fight,ant
439,Pinocchio,,"Lonely toymaker Geppetto has his wishes answered when the Blue Fairy arrives to bring his wooden puppet Pinocchio to life. Before becoming a real boy, however, Pinocchio must prove he's worthy as he sets off on an adventure with his whistling sidekick and conscience, Jiminy Cricket. From Stromboli's circus to Pleasure Island, Pinocchio is tested by many temptations, but slowly learns how to navigate right from wrong. With a few mishaps along the way, Geppetto's ""little woodenhead"" finally gets it right, proving that when you wish upon a star dreams really can come true!",46.007991,United States of America,1940-02-23,84300000,88.0,English,6.9,1355,Animation,Family,,italy,lie,magic
447,The Big Year,,"Three fanatical bird-watchers spend an entire year competing to spot the highest number of species as El Nino sends an extraordinary variety of rare breeds flying up into the U.S., but they quickly discover that there are more important things than coming out on top of the competition",9.419726,United States of America,2011-10-13,7448385,100.0,English,5.6,248,Comedy,,,helicopter,based on novel,honeymoon
456,Eight Below,,"In the Antarctic, after an expedition with Dr. Davis McClaren, the sled dog trainer Jerry Shepherd has to leave the polar base with his colleagues due to the proximity of a heavy snow storm. He ties his dogs to be rescued after, but the mission is called-off and the dogs are left alone at their own fortune. For six months, Jerry tries to find a sponsor for a rescue mission.",24.287306,United States of America,2006-02-17,120455994,120.0,English,6.7,542,Adventure,Drama,Family,expedition,pilot,survival
470,The Odd Life of Timothy Green,http://disney.go.com/disneypictures/the-odd-life-of-timothy-green/,"A childless couple bury a box in their backyard, containing all of their wishes for an infant. Soon, a child is born, though Timothy Green is not all that he appears.",16.394452,United States of America,2012-08-15,51854875,105.0,English,6.5,386,Fantasy,Drama,Comedy,green,dodgeball,incredibile
480,Fantastic Mr. Fox,http://www.foxsearchlight.com/fantasticmrfox/,"The Fantastic Mr. Fox bored with his current life, plans a heist against the three local farmers. The farmers, tired of sharing their chickens with the sly fox, seek revenge against him and his family.",41.258956,United States of America,2009-10-23,46471023,87.0,English,7.5,1176,Adventure,Animation,Comedy,fox,tree,peasant
490,Frankenweenie,http://movies.disney.com/frankenweenie-2012,"When a car hits young Victor's pet dog Sparky, Victor decides to bring him back to life the only way he knows how. But when the bolt-necked ""monster"" wreaks havoc and terror in the hearts of Victor's neighbors, he has to convince them that Sparky's still the good, loyal friend he was.",27.908783,United States of America,2012-10-04,35287788,87.0,English,6.6,932,Animation,Comedy,Family,shyness,stop motion,black and white
515,Sky High,http://disney.go.com/disneypictures/skyhigh/,"Set in a world where superheroes are commonly known and accepted, young Will Stronghold, the son of the Commander and Jetstream, tries to find a balance between being a normal teenager and an extraordinary being.",11.041659,United States of America,2005-07-29,86369815,100.0,English,5.8,550,Adventure,Comedy,Family,hero,loyalty,mockery
518,Secretariat,http://disney.go.com/disneypictures/secretariat/,"Housewife and mother Penny Chenery agrees to take over her ailing father's Virginia-based Meadow Stables, despite her lack of horse-racing knowledge. Against all odds, Chenery - with the help of veteran trainer Lucien Laurin - manages to navigate the male-dominated business, ultimately fostering the first Triple Crown winner in 25 years.",9.525037,United States of America,2010-08-20,60251371,123.0,English,6.8,103,Drama,,,horse race,horseback riding,biography
519,Saving Mr. Banks,,Author P.L. Travers travels from London to Hollywood as Walt Disney Pictures adapts her novel Mary Poppins for the big screen.,31.957947,Australia,2013-11-16,112544580,125.0,English,7.3,1226,Comedy,Drama,History,biography,animation,writer
528,Valiant,,"The animated comedy tells the story of a lowly wood pigeon named Valiant, who overcomes his small size to become a hero in Great Britain's Royal Air Force Homing Pigeon Service during World War II. The RHPS advanced the Allied cause by flying vital messages about enemy movements across the English Channel, whilst evading brutal attacks by the enemy's Falcon Brigade.",14.051852,United Kingdom,2005-03-25,19478106,76.0,English,5.2,235,Animation,Family,Adventure,animation,animal,3d
547,Mr. Holland's Opus,,"In 1965, passionate musician Glenn Holland takes a day job as a high school music teacher, convinced it's just a small obstacle on the road to his true calling: writing a historic opus. As the decades roll by with the composition unwritten but generations of students inspired through his teaching, Holland must redefine his life's purpose.",6.775294,United States of America,1995-12-29,106269971,137.0,English,6.9,113,Music,Drama,Family,composer,mentor,deaf-mute
552,Toy Story,http://toystory.disney.com/toy-story,"Led by Woody, Andy's toys live happily in his room until Andy's birthday brings Buzz Lightyear onto the scene. Afraid of losing his place in Andy's heart, Woody plots against Buzz. But when circumstances separate Buzz and Woody from their owner, the duo eventually learns to put aside their differences.",73.640445,United States of America,1995-10-30,373554033,81.0,English,7.7,5269,Animation,Comedy,Family,jealousy,toy,boy
554,Remember the Titans,http://movies.disney.com/remember-the-titans,"After leading his football team to 15 winning seasons, coach Bill Yoast is demoted and replaced by Herman Boone – tough, opinionated and as different from the beloved Yoast as he could be. The two men learn to overcome their differences and turn a group of hostile young men into true champions.",25.996219,United States of America,2000-09-29,136706683,113.0,English,7.4,821,Drama,,,ku klux klan,american football,trainer
556,The Princess Diaries,,"A socially awkward but very bright 15-year-old girl being raised by a single mom discovers that she is the princess of a small European country because of the recent death of her long-absent father, who, unknown to her, was the crown prince of Genovia. She must make a choice between continuing the life of a San Francisco teen or stepping up to the throne.",40.176265,United States of America,2001-08-03,165335153,115.0,English,6.5,1023,Comedy,Family,Romance,heir to the throne,grandmother granddaughter relationship,high school
571,Glory Road,,"In 1966, Texas Western coach Don Haskins led the first all-black starting line-up for a college basketball team to the NCAA national championship.",8.305085,United States of America,2006-01-13,42647449,118.0,English,7.2,144,Drama,,,basketball,racial segregation,teachers and students
579,Winnie the Pooh,http://disney.go.com/pooh/home/,"During an ordinary day in Hundred Acre Wood, Winnie the Pooh sets out to find some honey. Misinterpreting a note from Christopher Robin, Pooh convinces Tigger, Rabbit, Piglet, Owl, Kanga, Roo, and Eeyore that their young friend has been captured by a creature named ""Backson"" and they set out to save him.",19.143721,United States of America,2011-04-13,14460000,63.0,English,6.8,258,Animation,Family,,owl,tiger,aftercreditsstinger
599,Miracle,,"In 1980, the United States Ice Hockey team's coach, Herb Brooks, put a ragtag squad of college kids up against the legendary juggernaut from the Soviet Union at the Olympic Games. Despite the long odds, Team USA carried the pride of a nation yearning for a distraction from world events. With the world watching, the team rose to the occasion, prompting broadcaster Al Michaels' now famous question to the millions viewing at home: ""Do you believe in miracles?"" Yes!",7.534003,United States of America,2004-02-06,64445708,135.0,English,7.0,159,Drama,History,,olympic games,sport,ice hockey
601,Hocus Pocus,,"After 300 years of slumber, three sister witches are accidentally resurrected in Salem on Halloween night, and it us up to three kids and their newfound feline friend to put an end to the witches' reign of terror once and for all.",18.650748,United States of America,1993-07-16,39514713,96.0,English,6.4,471,Comedy,Family,Fantasy,witch,halloween,salem
604,"Alexander and the Terrible, Horrible, No Good, Very Bad Day",http://movies.disney.com/alexander-and-the-terrible-horrible-no-good-very-bad-day/,"Alexander's day begins with gum stuck in his hair, followed by more calamities. Though he finds little sympathy from his family and begins to wonder if bad things only happen to him, his mom, dad, brother, and sister all find themselves living through their own terrible, horrible, no good, very bad day.",22.14595,United States of America,2014-10-08,100654149,81.0,English,6.1,493,Family,Comedy,,based on novel,job interview,bad luck
614,Return to Oz,http://movies.disney.com/return-to-oz,"Dorothy, saved from a psychiatric experiment by a mysterious girl, finds herself back in the land of her dreams, and makes delightful new friends, and dangerous new enemies.",5.650125,United Kingdom,1985-06-21,11137801,109.0,English,6.7,120,Adventure,Family,Fantasy,wizard of oz,,
620,Freaky Friday,,"Mother and daughter bicker over everything -- what Anna wears, whom she likes and what she wants to do when she's older. In turn, Anna detests Tess's fiancé. When a magical fortune cookie switches their personalities, they each get a peek at how the other person feels, thinks and lives.",24.345651,United States of America,2003-08-03,110230332,97.0,普通话,6.0,879,Comedy,,,single parent,brother sister relationship,mistake in person
629,Mrs. Doubtfire,,"Loving but irresponsible dad Daniel Hillard, estranged from his exasperated spouse, is crushed by a court order allowing only weekly visits with his kids. When Daniel learns his ex needs a housekeeper, he gets the job -- disguised as an English nanny. Soon he becomes not only his children's best pal but the kind of parent he should have been from the start.",30.884535,United States of America,1993-11-24,441286195,125.0,English,7.0,1591,Comedy,Drama,Family,san francisco,parents kids relationship,restaurant
656,Ice Princess,,"With the help of her coach, her parents, and the boy who drives the Zamboni machine, nothing can stop Casey (Trachtenberg) from realizing her dream to be a champion figure skater.",13.288177,United States of America,2005-03-17,27645491,98.0,English,5.9,185,Drama,Comedy,Family,sport,figure skating,teenage girl
657,Eddie the Eagle,http://www.foxmovies.com/movies/eddie-the-eagle,"Inspired by true events, Eddie the Eagle is a feel-good story about Michael ""Eddie"" Edwards (Taron Egerton), an unlikely but courageous British ski-jumper who never stopped believing in himself - even as an entire nation was counting him out. With the help of a rebellious and charismatic coach (played by Hugh Jackman), Eddie takes on the establishment and wins the hearts of sports fans around the world by making an improbable and historic showing at the 1988 Calgary Winter Olympics.",29.365851,Germany,2016-02-26,46152800,106.0,English,7.2,661,Comedy,Drama,History,underdog,olympic games,ski jump
663,The Greatest Game Ever Played,,"A biopic of 20-year-old Francis Ouimet who defeated his golfing idol and 1900 US Open Champion, Harry Vardon.",7.538513,United States of America,2005-09-30,15431177,120.0,English,6.9,110,Drama,Family,,sport,,
683,Meet the Deedles,,Two surfers end up as Yellowstone park rangers and have to stop a former ranger who is out for revenge.,2.353441,special,1998-03-27,4562146,93.0,English,4.1,19,Animation,Comedy,Family,,,
696,The Santa Clause,,"Scott Calvin is an ordinary man, who accidentally causes Santa Claus to fall from his roof on Christmas Eve and is knocked unconscious. When he and his young son finish Santa's trip and deliveries, they go to the North Pole, where Scott learns he must become the new Santa and convince those he loves that he is indeed, Father Christmas.",16.234053,United States of America,1994-11-10,189833357,97.0,English,6.3,489,Fantasy,Drama,Comedy,holiday,christmas party,santa claus
697,The Rookie,,"Jim Morris never made it out of the minor leagues before a shoulder injury ended his pitching career twelve years ago. Now a married-with-children high-school chemistry teacher and baseball coach in Texas, Jim's team makes a deal with him: if they win the district championship, Jim will try out with a major-league organization. The bet proves incentive enough for the team, and they go from worst to first, making it to state for the first time in the history of the school. Jim, forced to live up to his end of the deal, is nearly laughed off the try-out field--until he gets onto the mound, where he confounds the scouts (and himself) by clocking successive 98 mph fastballs, good enough for a minor-league contract with the Tampa Bay Devil Rays. Jim's still got a lot of pitches to throw before he makes it to The Show, but with his big-league dreams revived, there's no telling where he could go.",11.263361,United States of America,2002-03-25,75597042,127.0,English,6.5,110,Drama,Family,,father son relationship,baseball,sports team
698,The Game Plan,http://movies.disney.com/the-game-plan,"Bachelor football star Joe Kingman seems to have it all. He is wealthy and carefree, and his team is on the way to capturing a championship. Suddenly, he is tackled by some unexpected news: He has a young daughter, the result of a last fling with his ex-wife. Joe must learn to balance his personal and professional lives with the needs of his child.",20.699212,United States of America,2007-09-28,147880543,110.0,English,6.0,428,Comedy,Family,,american football,bachelor,sports team
720,Home Alone 2: Lost in New York,,"Instead of flying to Florida with his folks, Kevin ends up alone in New York, where he gets a hotel room with his dad's credit card—despite problems from a clerk and meddling bellboy. But when Kevin runs into his old nemeses, the Wet Bandits, he's determined to foil their plans to rob a toy store on Christmas eve.",81.487685,United States of America,1992-11-19,358991681,120.0,English,6.3,2395,Comedy,Family,Adventure,holiday,new york,new york city
722,Beverly Hills Chihuahua,,"A pampered Beverly Hills chihuahua named Chloe who, while on vacation in Mexico with her owner Viv's niece, Rachel, gets lost and must rely on her friends to help her get back home before she is caught by a dognapper who wants to ransom her.",12.25264,United States of America,2008-10-03,149281606,91.0,English,4.9,209,Adventure,Comedy,Family,dog dirt,chihuahua,pinata
727,Holes,,"Stanley's family is cursed with bad luck. Unfairly sentenced to months of detention at Camp Green Lake, he and his campmates are forced by the warden to dig holes in order to build character. What they don't know is that they are digging holes in order to search for a lost treasure hidden somewhere in the camp.",22.001408,United States of America,2003-04-18,0,117.0,English,6.7,383,Adventure,Family,Drama,curse,suitor,false accusations
728,The Last Song,,"A drama centered on a rebellious girl who is sent to a Southern beach town for the summer to stay with her father. Through their mutual love of music, the estranged duo learn to reconnect.",23.139971,United States of America,2010-03-31,0,107.0,English,6.9,923,Drama,Family,Romance,brother sister relationship,new love,daughter
731,The Jungle Book 2,,"Mowgli, missing the jungle and his old friends, runs away from the man village unaware of the danger he's in by going back to the wild.",19.819893,Australia,2003-02-07,135680000,72.0,English,5.6,269,Family,Animation,Adventure,river,musical,tiger
733,The Tigger Movie,http://www.tigger.com,"As it happens, everybody - Pooh, Piglet, Eeyore, Roo, Rabbit, Owl - is busy preparing a suitable winter home for Eeyore. When everything they do seems to get undone by Tigger's exuberant bouncing, Rabbit suggest Tigger go outside and find other tiggers to bounce with - a notion Tigger finds ridiculous because, after all, he's ""the onliest one"" Or is he?",9.829859,United States of America,2000-02-11,45554533,77.0,English,6.3,143,Animation,Family,,owl,donkey,tiger
737,The Black Hole,,"The explorer craft U.S.S. Palomino is returning to Earth after a fruitless 18-month search for extra-terrestrial life when the crew comes upon a supposedly lost ship, the magnificent U.S.S. Cygnus, hovering near a black hole. The ship is controlled by Dr. Hans Reinhardt and his monstrous robot companion, Maximillian. But the initial wonderment and awe the Palomino crew feel for the ship and its resistance to the power of the black hole turn to horror as they uncover Reinhardt's plans.",8.265317,United States of America,1979-12-18,35841901,98.0,English,6.1,131,Adventure,Family,Science Fiction,killer robot,space marine,ghost ship
747,You Again,,"History -- make that high school -- may repeat itself when Marni learns that Joanna, the mean girl from her past, is set to be her sister-in-law. Before the wedding bells toll, Marni must show her brother that a tiger doesn't change its stripes. On Marni's side is her mother, while Joanna's backed by her wealthy aunt.",19.962713,United States of America,2010-09-24,32005248,105.0,English,6.0,368,Comedy,Romance,,brother sister relationship,marriage,bully
755,Pooh's Heffalump Movie,,"Who or what exactly is a Heffalump? The lovable residents of the Hundred Acre Wood -- Winnie the Pooh, Rabbit, Tigger, Eeyore, Kanga and the rest of the pack -- embark on a journey of discovery in search of the elusive Heffalump. But as is always the case, this unusual road trip opens their eyes to so much more than just the creature they're seeking.",9.03154,United States of America,2005-02-11,0,68.0,English,6.4,88,Animation,Family,,,,
757,The Country Bears,http://movies.disney.com/the-country-bears,"For Beary Barrington, The Country Bears' young #1 fan, fitting in with his all-too-human family is proving im-paws-ible. When he runs away to find Country Bear Hall and his heroes, he discovers the venue that made them famous is near foreclosure. Beary hightails it over the river and through the woods to get the Bears in the Band back together for an all-out reunion concert to save Country Bear Hall.",6.908351,United States of America,2002-07-26,0,88.0,English,4.3,20,Adventure,Comedy,Family,human animal relationship,musical,clowning
791,Diary of a Wimpy Kid: Rodrick Rules,http://www.diaryofawimpykidmovie.com/,"Back in middle school after summer vacation, Greg Heffley and his older brother Rodrick must deal with their parents' misguided attempts to have them bond.",14.329891,United States of America,2011-03-25,72417394,99.0,English,6.3,238,Family,Comedy,,based on novel,middle school,
818,"McFarland, USA",,A track coach in a small California town transforms a team of athletes into championship contenders.,14.023082,United States of America,2015-02-20,45710059,128.0,English,7.4,213,Drama,,,california,small town,coach
837,Home Alone,https://www.foxconnect.com/home-alone-4.html,"Eight-year-old Kevin McCallister makes the most of the situation after his family unwittingly leaves him behind when they go on Christmas vacation. But when a pair of bungling burglars set their sights on Kevin's house, the plucky kid stands ready to defend his territory. By planting booby traps galore, adorably mischievous Kevin stands his ground as his frantic mother attempts to race home before.",2.186927,United States of America,1990-11-09,476684675,103.0,English,7.1,2414,Comedy,Family,,holiday,burglar,home invasion
838,Three Men and a Baby,,Three bachelors find themselves forced to take care of a baby left by one of the guy's girlfriends.,12.335827,United States of America,1987-11-27,0,102.0,English,5.8,253,Family,Comedy,Drama,baby,roommate,bachelor
844,The Lizzie McGuire Movie,http://disneydvd.disney.go.com/the-lizzie-mcguire-movie.html,"Lizzie McGuire has graduated from middle school and takes a trip to Rome, Italy.",11.927667,United States of America,2003-04-25,55534455,94.0,Italiano,5.7,280,Family,Comedy,,,,
848,The Princess Bride,,"In this enchantingly cracked fairy tale, the beautiful Princess Buttercup and the dashing Westley must overcome staggering odds to find happiness amid six-fingered swordsmen, murderous princes, Sicilians and rodents of unusual size. But even death can't stop these true lovebirds from triumphing.",44.533612,United States of America,1987-09-18,30857814,98.0,English,7.6,1486,Adventure,Family,Fantasy,swashbuckler,evil prince,reference to socrates
850,Confessions of a Teenage Drama Queen,,"When the teenager Mary Elizabeth Steppe, a.k.a. Lola, moves with her mother and two younger twin sisters from New York to the suburb of Dellwood, New Jersey, she has the feeling that her cultural and entertaining world ended. While in school, the displaced Lola becomes close friend of the unpopular Ella, who is also a great fan of the her favorite rock band Sidarthur. However, the most popular girl in the school, Carla Santini, disputes the lead role in an adaptation of Pygmalion with Lola and also the leadership of their mates. When the last concert of Sidarthur is sold-out, Lola plans with Ella to travel to New York and buy the tickets from scalpers. However, the girls get into trouble while helping the lead singer and Lola's idol Stu Wolf, changing their lives forever.",7.424798,Germany,2004-02-17,29331068,89.0,English,5.1,221,Comedy,,,rock star,spotlight,high school
852,Because of Winn-Dixie,,"A girl, abandoned by her mother when she was three, moves to a small town in Florida with her father. There, she adopts an orphaned dog she names Winn-Dixie. The bond between the girl and her special companion brings together the people in a small Florida town and heals her own troubled relationship with her father.",3.334804,United States of America,2005-02-18,32645546,106.0,English,6.1,61,Comedy,Drama,Family,,,
857,Flicka,,"A headstrong 16 year old Katy McLaughlin desires to work on her family's mountainside horse ranch, although her father insists she finish boarding school. Katy finds a mustang in the hills near her ranch. Katy then sets her mind to tame a mustang and prove to her father she can run the ranch. But when tragedy happens, it will take all the love and strength the family can muster to restore hope.",3.043589,United Kingdom,2006-10-20,21000000,95.0,English,6.1,52,Drama,,,horse,,
858,Tuck Everlasting,,"Natalie Babbitt's award winning book for children comes to the screen in a lavish adaptation from Walt Disney Pictures. Winnie Foster (Alexis Bledel) is a girl in her early teens growing up in the small rural town of Winesap in 1914. Winnie's parents (Victor Garber and Amy Irving) are loving but overprotective, and Winnie longs for a life of greater freedom and adventure.",4.115398,United States of America,2002-10-11,0,90.0,English,6.4,128,Fantasy,Drama,Science Fiction,,,
878,Cool Runnings,,"When a Jamaican sprinter is disqualified from the Olympic Games, he enlists the help of a dishonored coach to start the first Jamaican Bobsled Team.",22.409117,United States of America,1993-09-30,154864401,98.0,English,6.8,491,Comedy,,,winter,trainer,olympic games
882,White Fang,,Jack London's classic adventure story about the friendship developed between a Yukon gold hunter and the mixed dog-wolf he rescues from the hands of a man who mistreats him.,13.13724,United States of America,1991-01-18,34793160,107.0,English,6.5,135,Action,Adventure,Drama,based on novel,gold,treasure
890,10 Things I Hate About You,,"Bianca, a tenth grader, has never gone on a date, but she isn't allowed to go out with boys until her older sister Kat gets a boyfriend. The problem is, Kat rubs nearly everyone the wrong way. But Bianca and the guy she has her eye on, Joey, are eager, so Joey fixes Kat up with Patrick, a new kid in town just bitter enough for Kat.",54.550275,United States of America,1999-03-30,53478166,97.0,English,7.3,1701,Comedy,Romance,Drama,shakespeare,sister,high school
917,The Muppet Christmas Carol,,"A retelling of the classic Dickens tale of Ebenezer Scrooge, miser extraordinaire. He is held accountable for his dastardly ways during night-time visitations by the Ghosts of Christmas Past, Present, and future.",15.085981,United States of America,1992-12-10,27281507,85.0,English,7.2,212,Comedy,Family,Fantasy,holiday,future,musical
918,The Fault in Our Stars,,"Despite the tumor-shrinking medical miracle that has bought her a few years, Hazel has never been anything but terminal, her final chapter inscribed upon diagnosis. But when a patient named Augustus Waters suddenly appears at Cancer Kid Support Group, Hazel's story is about to be completely rewritten.",74.358971,United States of America,2014-05-16,307166834,125.0,English,7.6,3759,Romance,Drama,,amsterdam,based on novel,support group
922,Aquamarine,http://www.aquamarinemovie.com/,"Two teenage girls discover that mermaids really do exist after a violent storm washes one ashore. The mermaid, a sassy creature named Aquamarine, is determined to prove to her father that real love exists, and enlists the girls' help in winning the heart of a handsome lifeguard.",16.931846,Australia,2006-03-03,23006849,104.0,English,5.8,364,Fantasy,Romance,Family,female friendship,mermaid,teenager
923,Max Keeble's Big Move,,"Max Keeble, the victim of his 7th grade class, plots revenge when he learns he's moving; it backfires when he doesn't move after all.",1.081822,United States of America,2001-10-05,17292381,86.0,English,5.4,33,Comedy,Family,Fantasy,,,
937,High School Musical 3: Senior Year,http://disney.go.com/disneypictures/highschoolmusical3,"It's almost graduation day for high school seniors Troy, Gabriella, Sharpay, Chad, Ryan and Taylor ― and the thought of heading off in separate directions after leaving East High has these Wildcats thinking they need to do something they'll remember forever. Together with the rest of the Wildcats, they stage a spring musical reflecting their hopes and fears about the future and their unforgettable experiences growing up together. But with graduation approaching and college plans in question, what will become of the dreams, romances, and friendships of East High's senior Wildcats?",21.801188,United States of America,2008-10-22,0,116.0,English,6.2,821,Comedy,Drama,Family,musical,music,high school
950,The Mighty Ducks,,"After reckless young lawyer Gordon Bombay gets arrested for drunk driving, he must coach a kids hockey team for his community service. Gordon has experience on the ice, but isn't eager to return to hockey, a point hit home by his tense dealings with his own former coach, Jack Reilly. The reluctant Gordon eventually grows to appreciate his team, which includes promising young Charlie Conway, and leads them to take on Reilly's tough players.",8.932837,United States of America,1992-10-01,50752337,101.0,English,6.4,198,Comedy,Family,,sports team,sport,ice hockey
952,Recess: School's Out,,"Recess: School's Out is a 2001 animated film based on the Disney television series Recess. This film was produced by Walt Disney Pictures and was released theatrically nationwide on February 16, 2001.It's the most exciting time of year at Third Street Elementary-- the end of the School Year! But boredom quickly sets in for protagonist TJ Detweiler, as his friends are headed for Summer Camp. One day, while passing by the school on his bike, he notices a green glow coming from the school's auditorium. This is the work of the insidious ex-principal of Third Street, Phillium Benedict and his gang of ninjas and secret service look-alikes! Benedict is planning to get rid of Summer Vacation using his newly-acquired Tractor Beam, which he stole from the US Military Base in an effort to raise US Test Scores, and it's up to the Recess Gang to stop him! In the end.",5.699058,United States of America,2001-01-27,44460850,83.0,English,6.6,67,Science Fiction,Animation,Comedy,holiday,elementary school,friends
956,Pete's Dragon,http://movies.disney.com/petes-dragon-2016,"Pete is a mysterious 10-year-old with no family and no home who claims to live in the woods with a giant, green dragon named Elliott. With the help of Natalie, an 11-year-old girl whose father Jack owns the local lumber mill, forest ranger Grace sets out to determine where Pete came from, where he belongs, and the truth about this dragon.",31.974359,United States of America,2016-08-10,143695338,102.0,English,6.2,679,Adventure,Family,Fantasy,feral child,remake,dragon
974,Teacher's Pet,,"Spot (Lane) is a dog who can talk and read. Posing as a human, he sneaks into school with his master Leonard (Flemming). Educational adventures ensue",1.374409,United States of America,2004-01-16,0,74.0,English,5.5,2,Animation,Drama,Family,,,
975,The Straight Story,,"""The Straight Story"" chronicles a trip made by 73-year-old Alvin Straight from Laurens, Iowa, to Mt. Zion, Wisconsin, in 1994 while riding a lawn mower. The man undertook his strange journey to mend his relationship with his ill, estranged, 75-year-old brother Lyle.",15.280261,United States of America,1999-10-15,0,112.0,English,7.7,306,Drama,,,brother brother relationship,mississippi,wisconsin
1010,The Muppet Movie,,"Kermit the Frog is persuaded by agent Dom DeLuise to pursue a career in Hollywood. Along the way, Kermit picks up Fozzie Bear, Miss Piggy, Gonzo, and a motley crew of other Muppets with similar aspirations. Meanwhile, Kermit must elude the grasp of a frog-leg restaurant magnate.",10.639916,United States of America,1979-05-31,76657000,97.0,English,7.0,164,Adventure,Comedy,Family,chicken,musical,frog
1012,The Sound of Music,,Film adaptation of a classic Rodgers and Hammerstein musical based on a nun who becomes a governess for an Austrian family.,37.960289,United States of America,1965-03-02,286214286,174.0,English,7.4,941,Drama,Family,Music,resistance,austria,world war ii
1013,Splash,,"A successful businessman falls in love with the girl of his dreams. There's one big complication though; he's fallen hook, line and sinker for a mermaid.",21.735068,United States of America,1984-03-09,69821334,111.0,English,6.1,321,Comedy,Fantasy,Romance,bachelor,mermaid,
1022,Prom,http://disney.go.com/disneypictures/prom/index.html#home,"At “Prom,” every couple has a story and no two are exactly alike. As the big dance approaches for Nova Prescott, it’s a battle of wills as she finds herself drawn to the guy who gets in the way of her perfect prom. Fellow seniors Mei and Tyler harbor secrets, while others face all the insecurity and anticipation that surrounds one of high school’s most seminal events.",11.837067,United States of America,2011-04-29,10130000,104.0,English,5.7,134,Comedy,,,single parent,waitress,fountain
1051,High School Musical 2,http://www.disneychannel.com/highschoolmusical2,"The East High Wildcats are ready to have the time of their lives. Troy (Zac Efron) is thrilled when he’s offered a job in a country club, but it’s all part of Sharpay’s (Ashley Tisdale) plot to lure him away from Gabriella (Vanessa Hudgens). How will it all turn out? All questions are answered on the night of the club’s Talent Show.",21.01755,United States of America,2007-08-17,7000000,104.0,English,6.1,843,Comedy,Drama,Family,musical,music,summer
1056,The Adventures of Huck Finn,,"Climb aboard for an extraordinary version of Mark Twain's sweeping adventure when Walt Disney presents The Adventures of Huck Finn, starring Elijah Wood (The Lord of the Rings). Directed by Stephen Sommers (The Mummy, The Mummy Returns), it's the unforgettable saga of a mischievous youngster and a runaway slave",2.163683,United States of America,1993-04-02,0,108.0,English,6.2,42,Action,Adventure,Drama,southern accent,wanted man,lynch mob
1064,Mary Poppins,,"The movie combines a diverting story, songs, color and sequences of live action blended with the movements of animated figures. Mary Poppins is a kind of Super-nanny who flies in with her umbrella in response to the request of the Banks children and proceeds to put things right with the aid of her rather extraordinary magical powers before flying off again.",59.961523,United States of America,1964-08-27,102272727,139.0,English,7.4,1183,Comedy,Family,Fantasy,london england,dancing,parents kids relationship
1073,Bend It Like Beckham,http://www2.foxsearchlight.com/benditlikebeckham/,"Jess Bhamra, the daughter of a strict Indian couple in London, is not permitted to play organized soccer, even though she is 18. When Jess is playing for fun one day, her impressive skills are seen by Jules Paxton, who then convinces Jess to play for her semi-pro team. Jess uses elaborate excuses to hide her matches from her family while also dealing with her romantic feelings for her coach, Joe.",22.054546,India,2002-04-11,76578641,112.0,English,6.2,578,Comedy,Drama,Romance,london england,tradition,indian lead
1085,"20,000 Leagues Under the Sea",,"A ship sent to investigate a wave of mysterious sinkings encounters the advanced submarine, the Nautilus, commanded by Captain Nemo.",9.358197,United States of America,1954-12-23,28200000,127.0,English,6.8,157,Adventure,Drama,Science Fiction,diving,ocean,submarine
1092,Doug's 1st Movie,,Doug and his pal Skeeter set's out to find the monster of Lucky Duck Lake. Though things get really out of hand when some one blurts out that the monster is real.,1.88484,United States of America,1999-03-26,0,77.0,English,5.4,22,Animation,Family,Comedy,journalism,dance,daydream
1125,High School Musical,http://tv.disney.go.com/disneychannel/originalmovies/highschoolmusical/index.html,"Troy (Zac Efron), the popular captain of the basketball team, and Gabriella (Vanessa Anne Hudgens), the brainy and beautiful member of the academic club, break all the rules of East High society when they secretly audition for the leads in the school's musical. As they reach for the stars and follow their dreams, everyone learns about acceptance, teamwork, and being yourself. And it's all set to fun tunes and very cool dance moves!",16.536374,United States of America,2006-01-20,0,98.0,English,6.1,1000,Comedy,Drama,Family,becoming an adult,musical,music
1148,Feast,http://www.feast-movie.com/,Patrons locked inside of a bar are forced to fight monsters.,8.825113,United States of America,2005-10-14,658573,95.0,English,6.1,160,Action,Comedy,Horror,monster,pub,duringcreditsstinger
1182,Fantasia,http://movies.disney.com/fantasia,"Walt Disney's timeless masterpiece is an extravaganza of sight and sound! See the music come to life, hear the pictures burst into song and experience the excitement that is Fantasia over and over again.",32.875469,United States of America,1940-11-13,83320000,124.0,English,7.2,808,Animation,Family,Music,orchestra,classical music,musical segments
1246,Bambi,http://movies.disney.com/bambi,"Bambi's tale unfolds from season to season as the young prince of the forest learns about life, love, and friends.",47.651878,United States of America,1942-08-14,267447150,70.0,English,6.8,1405,Animation,Drama,Family,forest,coming of age,best friend
